{"cameras": [{"id": "a92f4ecd-a976-455c-899a-504f1fc0b674", "type": "rgb", "calibration_source": 0, "camera_matrix": [[662.3467249894794, 0.0, 479.5], [0.0, 662.0778415151567, 269.5], [0.0, 0.0, 1.0]], "optimal_camera_matrix": [[657.3045677338307, 0.0, 478.8811416779423], [0.0, 656.5505035416705, 269.34319653135867], [0.0, 0.0, 1.0]], "roi": [1, 1, 957, 537], "distortion": [[-0.032921960870767084, 0.03592937697169293, -0.00029385996939925124, -0.0005843009183385916, -0.0016535649613566364]], "rvecs": [[[-0.2534280730978674], [0.14540547470242354], [3.058017083307579]], [[-0.19904514749908644], [-0.2571613658853036], [2.6690352420263115]], [[0.03605098307257464], [-0.02007592656485879], [-1.6213187689579234]], [[0.0229954641120425], [-0.04951954689463283], [1.9320913633803578]], [[0.09766072502958814], [-0.05186795753568921], [-2.9698133635732633]], [[0.10565524980329469], [-0.11042617393620305], [-2.02734739679276]], [[0.08307498627568295], [-0.17399999238463212], [-1.9401152889804625]], [[-0.10937035455121458], [0.056501671787352506], [2.94965903686674]], [[-0.08350900937515378], [0.012402463343496107], [1.936804131129378]], [[-0.14065841494554726], [0.1766024369167467], [2.9670659806378072]], [[0.4463907391720737], [-0.17712812536096492], [-1.405395030822575]], [[0.34863327061447513], [-0.11444023074347758], [-0.7827103784244037]], [[0.2851737886041639], [-0.18102314677793105], [-1.0531687094194973]], [[0.523645667008918], [-0.5464577243561947], [-2.5424980995126214]], [[-0.26107331551620483], [0.3198863051909785], [1.923402149937789]], [[0.06842496868799547], [0.12426171041478823], [1.9526165339759307]], [[0.1994722255714489], [0.09081291291239244], [2.155207713569583]], [[0.04847010412898198], [0.19754921133821862], [2.9240210789688548]], [[0.033630200031461485], [0.14542141297870065], [2.1377536870970077]], [[0.015553674180687501], [0.06992553423866148], [1.536656822123274]], [[0.34809072003578134], [0.16098844288458797], [1.197946618635125]], [[-0.1834400496149109], [0.2474220865761807], [2.82113842224032]], [[0.07340795827832892], [-0.2038249318526045], [-1.9924206464959198]], [[0.12691631869832595], [-0.2871461663894695], [-1.9935776673939403]], [[0.2273921809842974], [-0.36655621612344885], [-2.0092811839790516]], [[0.28743723224808276], [0.16089198469002616], [0.7287213768856292]], [[0.28544750300102223], [0.1607911242127169], [0.7319451814125976]], [[0.29051389789665943], [0.15870526609182511], [0.7219777989356314]], [[0.38623978653827873], [0.1303213147738225], [1.1713102835135545]], [[0.5688059204795242], [0.12219782246657401], [1.6116434047421582]]], "tvecs": [[[0.16817841457809143], [0.04639016831471082], [0.45351921864489964]], [[0.22150024703335103], [0.0066766414005784615], [0.4789962591076485]], [[-0.07636588087324522], [0.126289178810345], [0.42247661077495735]], [[0.03776675016908083], [-0.09100253179151935], [0.3892521989520764]], [[0.06470085701318998], [0.06351540120843413], [0.4325561389587996]], [[-0.009542646194951723], [0.11143846652753368], [0.43566391319685516]], [[-0.009830518782825037], [0.10580721587425726], [0.42995147344602314]], [[0.08782120206095356], [0.07164525421851672], [0.4199050936057658]], [[0.07443864190777547], [-0.044825957764676155], [0.4206203276563673]], [[0.04059034926216262], [0.031060354471098145], [0.4233918084489035]], [[-0.053179037639273584], [0.061166620752027064], [0.43523161985515824]], [[-0.07743838547385341], [0.01563960055778528], [0.449866255137722]], [[-0.2703934890489257], [0.040280360715667554], [0.4431229714091582]], [[-0.008508678373930737], [0.08577092709114327], [0.4618892406613211]], [[-0.01825564474371552], [-0.051224027056341805], [0.47892276335667]], [[0.10279123645304035], [-0.08747952225925197], [0.45617524879886334]], [[-0.015703374453192004], [-0.060412301485368164], [0.4140548928294889]], [[0.12259277289579487], [0.019510871711074986], [0.43316545098341686]], [[0.11431200744579281], [-0.07372195255209182], [0.4877802052043209]], [[0.07793875651470242], [-0.13787325871357733], [0.5006555444042882]], [[-0.03269768092028092], [-0.13259745244897445], [0.49293251734425214]], [[0.11767376371674163], [0.016061235286130047], [0.5516993119614552]], [[-0.15178564769252392], [0.08109717692096746], [0.4999414933459634]], [[0.048711699674705095], [0.05885204386063468], [0.49796770022142456]], [[0.1689815964412565], [0.05286462110475171], [0.5381067873437794]], [[0.02446928983423122], [-0.1901603134000211], [0.5153374818840964]], [[0.023649522319753688], [-0.18985267839939837], [0.5168080189194614]], [[0.0227016289267091], [-0.18653665517040743], [0.5182991488629203]], [[0.08838668143403204], [-0.15829343751343142], [0.5013019911250564]], [[0.14809992478198736], [-0.12733975079892726], [0.4884361950226564]]], "resolution": {"h": 540, "w": 960}, "total_error": 0.022037990422637068}], "board": {"type": "chess", "pattern_size": [9, 6], "square_size": 0.025}}
